9,485832;42,615273
9,494720;42,603607
9,482777;42,613052
9,477777;42,617218
9,465277;42,630829
9,457777;42,643326
9,485832;42,615273
BREAK
9,446665;42,678886
9,448055;42,649437
9,452221;42,630272
9,473888;42,582222
9,478054;42,576111
9,505554;42,563889
9,509998;42,563606
9,511389;42,567215
9,511665;42,571663
9,509443;42,578049
9,503054;42,591660
9,497221;42,600830
9,500277;42,598610
9,520277;42,572495
9,531666;42,549164
9,533888;42,541939
9,562222;42,272774
9,559999;42,192215
9,555555;42,127777
9,553333;42,115555
9,545832;42,102219
9,448055;41,999443
9,425554;41,974998
9,411110;41,954163
9,405554;41,934998
9,397192;41,875931
9,396666;41,862778
9,398611;41,850830
9,402498;41,840271
9,404444;41,828331
9,404165;41,819160
9,398888;41,698883
9,382776;41,658882
9,379444;41,651939
9,366665;41,638611
9,320555;41,602493
9,271666;41,520554
9,241943;41,451942
9,247499;41,425827
9,251944;41,426109
9,254166;41,423332
9,254166;41,418610
9,252777;41,414993
9,248888;41,408882
9,222500;41,368607
9,219166;41,366386
9,214443;41,365555
9,186110;41,364166
9,180832;41,364716
9,177221;41,366661
9,132221;41,394165
9,115833;41,431938
8,978054;41,476662
8,973888;41,478050
8,941111;41,489441
8,917500;41,499718
8,791943;41,555550
8,789165;41,558052
8,788610;41,562218
8,785555;41,613327
8,792776;41,629440
8,794722;41,632500
8,801666;41,636665
8,806110;41,637772
8,810833;41,636940
8,812498;41,633606
8,816111;41,631660
8,821110;41,632500
8,873610;41,646942
8,876665;41,649162
8,913887;41,676384
8,919443;41,681389
8,921389;41,684441
8,921389;41,688049
8,919722;41,691383
8,916111;41,693329
8,911110;41,694160
8,878887;41,698051
8,856667;41,698326
8,850555;41,698608
8,840832;41,700554
8,796944;41,710274
8,725832;41,729439
8,705000;41,759438
8,747776;41,810555
8,788887;41,853333
8,803055;41,897499
8,802500;41,901665
8,800833;41,904999
8,784166;41,924438
8,781111;41,926666
8,773054;41,929993
8,749722;41,933327
8,744165;41,933609
8,740555;41,931938
8,738054;41,929161
8,735832;41,921387
8,732777;41,919167
8,717222;41,912498
8,707222;41,910828
8,668610;41,908333
8,627222;41,906662
8,592777;41,956940
8,588610;41,963051
8,589443;41,966110
8,593054;41,968048
8,613609;41,970833
8,634998;41,968330
8,646111;41,969162
8,664999;41,982498
8,667500;41,985275
8,668055;41,988327
8,659443;42,008331
8,740555;42,040833
8,744999;42,046944
8,744999;42,051384
8,742222;42,058327
8,681110;42,106384
8,638887;42,120277
8,608332;42,132774
8,587221;42,169716
8,570555;42,221664
8,618332;42,253052
8,648888;42,258331
8,682220;42,265274
8,686110;42,267220
8,688055;42,270271
8,687498;42,274437
8,685833;42,277496
8,631666;42,336937
8,615833;42,348328
8,607222;42,351105
8,594721;42,351387
8,584166;42,349998
8,575832;42,383606
8,665277;42,511108
8,714722;42,566666
8,721666;42,574440
8,886944;42,628052
9,055277;42,677498
9,058332;42,689163
9,060833;42,691940
9,083887;42,710831
9,087221;42,713051
9,115833;42,728607
9,119444;42,730270
9,148333;42,733330
9,153332;42,733330
9,251389;42,720833
9,254999;42,718887
9,269444;42,702217
9,278332;42,690552
9,283888;42,676666
9,286943;42,674438
9,290833;42,673332
9,293888;42,675552
9,311388;42,690277
9,317221;42,695274
9,319166;42,698326
9,341110;42,734161
9,342499;42,737778
9,343332;42,746666
9,338888;42,790550
9,337221;42,798332
9,330276;42,811386
9,321665;42,818886
9,311388;42,829720
9,309166;42,832497
9,308054;42,836105
9,340832;42,994438
9,344721;43,000832
9,348610;43,002495
9,353054;43,003883
9,383333;43,008606
9,418333;43,010277
9,424166;43,010551
9,458332;42,989716
9,460833;42,986382
9,489443;42,814438
9,489166;42,805275
9,485554;42,793884
9,468887;42,769165
9,466110;42,761940
9,455000;42,718605
9,448332;42,687218
9,446665;42,678886
BREAK
-1,194445;45,822495
-1,211945;45,806938
-1,239722;45,858887
-1,250834;45,873604
-1,282222;45,905548
-1,285833;45,907776
-1,316667;45,923607
-1,339167;45,935829
-1,365556;45,950272
-1,373611;45,958054
-1,376111;45,965271
-1,403056;46,046661
-1,401667;46,050552
-1,396111;46,051109
-1,384722;46,049438
-1,363611;46,044716
-1,359167;46,043053
-1,273334;45,995827
-1,233056;45,964722
-1,173056;45,898605
-1,170833;45,891663
-1,170556;45,887497
-1,181945;45,847771
-1,186944;45,831665
-1,188889;45,828049
-1,194445;45,822495
BREAK
-1,260834;46,156387
-1,284167;46,155548
-1,299445;46,156662
-1,318611;46,160828
-1,506945;46,204163
-1,520556;46,209160
-1,531389;46,215271
-1,534445;46,217773
-1,552222;46,241104
-1,553056;46,244995
-1,551944;46,248055
-1,548333;46,250000
-1,503056;46,255554
-1,492222;46,256660
-1,480278;46,256660
-1,474445;46,255829
-1,291667;46,198051
-1,255556;46,168327
-1,254167;46,164993
-1,254167;46,160828
-1,256667;46,157776
-1,260834;46,156387
BREAK
-2,270833;46,693329
-2,276389;46,692772
-2,363889;46,698051
-2,370000;46,701385
-2,378334;46,709160
-2,385278;46,717773
-2,385000;46,725555
-2,381945;46,728050
-2,366111;46,735275
-2,360834;46,736107
-2,354167;46,735550
-2,333611;46,730553
-2,303056;46,718605
-2,276111;46,704437
-2,273056;46,702217
-2,268611;46,696388
-2,270833;46,693329
BREAK
-2,196945;47,017220
-2,143333;46,953049
-2,137222;46,943886
-2,135556;46,936386
-2,136389;46,919167
-2,141389;46,907776
-2,145000;46,905830
-2,182778;46,949165
-2,199445;46,961105
-2,208889;46,963882
-2,221667;46,965271
-2,234445;46,965553
-2,244722;46,963882
-2,250834;46,963882
-2,256667;46,964722
-2,262778;46,969719
-2,284722;47,020554
-2,277223;47,027496
-2,256667;47,030548
-2,245556;47,031944
-2,232778;47,030548
-2,221945;47,028610
-2,207778;47,023888
-2,196945;47,017220
BREAK
-3,066667;47,306664
-3,081667;47,289444
-3,085834;47,287773
-3,108334;47,295555
-3,118333;47,298050
-3,164167;47,303329
-3,169445;47,303604
-3,188889;47,302773
-3,205278;47,300278
-3,211112;47,300827
-3,215834;47,302498
-3,223056;47,306664
-3,237500;47,315277
-3,239167;47,318604
-3,260278;47,365273
-3,260834;47,369438
-3,258611;47,376106
-3,252223;47,390549
-3,248889;47,392776
-3,243333;47,391663
-3,063334;47,320274
-3,061389;47,317215
-3,063056;47,313606
-3,066667;47,306664
BREAK
-5,055000;48,454163
-5,101389;48,442215
-5,134723;48,454720
-5,134723;48,458328
-5,131111;48,460831
-5,105556;48,474716
-5,069445;48,482498
-5,064723;48,483055
-5,055000;48,480270
-5,048889;48,477776
-5,045000;48,468605
-5,051945;48,456940
-5,055000;48,454163
BREAK
-3,576667;48,803886
-3,582222;48,803886
-3,582778;48,807220
-3,579722;48,809715
-3,575556;48,812492
-3,570834;48,812775
-3,565278;48,811661
-3,563334;48,808609
-3,566112;48,805832
-3,576667;48,803886
BREAK
2,541667;51,091110
2,597500;50,995827
2,597777;50,925827
2,650555;50,816109
2,781944;50,755554
2,867503;50,713379
2,898056;50,703049
2,943055;50,741386
2,960556;50,757500
3,008611;50,769165
3,020000;50,770554
3,026988;50,769844
3,041667;50,777222
3,050833;50,780273
3,116389;50,791664
3,143333;50,790833
3,149722;50,789993
3,154444;50,788330
3,162222;50,783607
3,164722;50,780548
3,182874;50,757050
3,187222;50,746666
3,197778;50,727219
3,242222;50,668053
3,243055;50,660271
3,278611;50,541664
3,280000;50,538330
3,295555;50,525551
3,298611;50,523048
3,367222;50,495552
3,372777;50,494995
3,452500;50,509438
3,456666;50,511383
3,518055;50,518883
3,607778;50,495827
3,620155;50,490044
3,654444;50,461662
3,657728;50,458870
3,660555;50,456383
3,668889;50,444160
3,670555;50,440826
3,671667;50,433327
3,676944;50,395271
3,774722;50,353882
3,889722;50,339996
3,983889;50,345276
4,033177;50,356430
4,038333;50,355553
4,165000;50,283051
4,194444;50,237495
4,171389;50,137215
4,147222;50,009995
4,149238;49,978371
4,174179;49,979881
4,183055;49,976387
4,215261;49,959602
4,231111;49,962494
4,248055;49,964439
4,317222;49,969719
4,413333;49,949165
4,430007;49,945007
4,445833;49,940552
4,458333;49,938606
4,464167;49,938889
4,510555;49,947495
4,673611;49,996384
4,679722;50,001938
4,694444;50,041939
4,697499;50,055550
4,693889;50,061943
4,687778;50,067215
4,688055;50,071106
4,693055;50,083328
4,696944;50,090828
4,763055;50,135551
4,814722;50,165833
4,819166;50,167221
4,832503;50,168610
4,882777;50,154716
4,894722;50,140274
4,894444;50,136108
4,887500;50,131104
4,883333;50,129166
4,880555;50,126389
4,853333;50,095551
4,838888;50,069160
4,820833;49,992775
4,863889;49,807220
4,873055;49,797218
4,906666;49,789719
4,912777;49,788887
4,924444;49,789444
4,935277;49,790833
4,944722;49,793610
4,959167;49,802216
4,984444;49,804718
4,996666;49,802498
5,331111;49,656662
5,392305;49,622551
5,398611;49,621384
5,415000;49,613327
5,427221;49,606941
5,437778;49,599998
5,474166;49,541107
5,475555;49,537773
5,476110;49,534164
5,473888;49,530548
5,465278;49,521660
5,463611;49,517776
5,470277;49,508888
5,473055;49,506104
5,477500;49,504166
5,514444;49,508888
5,530555;49,511108
5,593333;49,526382
5,631944;49,535828
5,702222;49,543053
5,792222;49,545830
5,807880;49,545044
5,809999;49,538887
5,811666;49,536385
5,838611;49,514160
5,855277;49,501106
5,977777;49,448608
5,981388;49,448326
6,090555;49,453049
6,094444;49,454163
6,118055;49,469719
6,120000;49,471664
6,122499;49,480553
6,123055;49,487221
6,124166;49,489716
6,156111;49,503883
6,165277;49,504715
6,229722;49,508331
6,239721;49,507774
6,247318;49,505974
6,302777;49,476662
6,328333;49,469162
6,362170;49,459389
6,411388;49,475555
6,416111;49,475830
6,468333;49,461388
6,508333;49,442772
6,532222;49,430832
6,540555;49,425827
6,546111;49,419441
6,594722;49,363052
6,686944;49,244995
6,716389;49,191383
6,714722;49,188889
6,714167;49,185829
6,714999;49,183052
6,723611;49,171661
6,727500;49,167496
6,730833;49,166107
6,735000;49,165276
6,821944;49,153885
6,831388;49,153053
6,838888;49,154999
6,844166;49,158333
6,859444;49,172493
6,861111;49,174995
6,861111;49,177773
6,859722;49,179993
6,855000;49,183884
6,849722;49,190552
6,841110;49,203331
6,840278;49,206108
6,841389;49,208885
6,843055;49,211388
6,847500;49,215271
6,853889;49,218048
6,920555;49,220551
6,930555;49,220833
6,934166;49,219719
7,019444;49,187492
7,090555;49,127495
7,151667;49,121109
7,287777;49,111107
7,291666;49,112221
7,360000;49,142220
7,361666;49,144440
7,367222;49,160553
7,369015;49,168777
7,371944;49,170830
7,375278;49,171944
7,383611;49,173332
7,413610;49,176941
7,423611;49,177216
7,432500;49,175827
7,486944;49,164162
7,625833;49,069160
7,630278;49,065277
7,652089;49,044937
7,668888;49,042221
7,737499;49,042770
7,821388;49,046387
7,933332;49,048882
7,938611;49,048882
8,039721;49,011108
8,051943;49,005272
8,155554;48,976387
8,226078;48,964417
8,206110;48,958885
8,190554;48,951942
8,139166;48,895554
8,135832;48,890831
8,121666;48,864998
8,112499;48,846382
8,110277;48,840828
8,106388;48,822220
8,103888;48,816666
8,092222;48,803604
7,961944;48,724159
7,879999;48,664162
7,802221;48,575829
7,745403;48,424950
7,736666;48,398605
7,736666;48,389442
7,743055;48,371109
7,751767;48,345406
7,750833;48,336662
7,746111;48,330551
7,693333;48,276382
7,607729;48,164185
7,580832;48,122772
7,578888;48,119720
7,576898;48,113152
7,569722;48,089165
7,568889;48,085274
7,566667;48,059998
7,569194;48,044777
7,571666;48,037216
7,574444;48,034439
7,583888;48,027222
7,613611;48,006104
7,618518;48,000000
7,622499;47,993889
7,624444;47,986107
7,624166;47,976944
7,622222;47,969162
7,584167;47,903328
7,557221;47,862778
7,526667;47,788055
7,510833;47,703331
7,513333;47,686943
7,519444;47,668327
7,521944;47,665550
7,528889;47,660828
7,540277;47,654999
7,561110;47,641663
7,567222;47,636665
7,585833;47,608330
7,589722;47,601944
7,589747;47,592697
7,588268;47,584480
7,586944;47,584999
7,567222;47,583611
7,557221;47,581383
7,550833;47,576385
7,546665;47,565552
7,521667;47,559715
7,513055;47,556664
7,501389;47,550552
7,498610;47,548050
7,497222;47,544441
7,502222;47,500549
7,496944;47,494995
7,452777;47,469994
7,433054;47,460548
7,415555;47,445274
7,388333;47,434166
7,382500;47,432495
7,358055;47,433609
7,355897;47,434017
7,343611;47,438606
7,336944;47,439438
7,308332;47,440277
7,275555;47,432495
7,251389;47,421944
7,246944;47,420830
7,241111;47,421944
7,187499;47,442215
7,178333;47,445831
7,146420;47,499054
7,025000;47,508049
6,990555;47,497215
6,884444;47,372772
6,881110;47,364716
6,879999;47,360275
6,881110;47,356941
6,931389;47,358887
6,980833;47,361664
7,000833;47,364998
6,971666;47,291939
6,839722;47,173607
6,837500;47,171104
6,838888;47,167770
6,849721;47,164989
6,793333;47,130829
6,699444;47,063889
6,678333;47,034164
6,639722;47,004166
6,629722;46,997215
6,620832;46,994438
6,566388;46,979996
6,528333;46,971664
6,460278;46,895828
6,446944;46,839439
6,458611;46,785271
6,457500;46,780830
6,452777;46,774437
6,434999;46,758049
6,366666;46,720551
6,355000;46,714439
6,346666;46,711388
6,269166;46,682777
6,129999;46,593330
6,127777;46,589996
6,127222;46,585831
6,129722;46,583054
6,135278;46,539719
6,086944;46,449440
6,071111;46,426384
6,111111;46,409721
6,148333;46,388611
6,151667;46,386383
6,157222;46,377220
6,158333;46,373886
6,158610;46,369995
6,154166;46,363052
6,120277;46,311943
6,115000;46,305550
6,106109;46,297489
6,118055;46,268051
6,119166;46,264442
6,117222;46,260551
6,107778;46,253052
6,082500;46,246666
6,072499;46,249718
6,060833;46,250549
6,030000;46,241386
6,009166;46,233887
5,981388;46,221939
5,968055;46,212494
5,966666;46,209442
5,966110;46,205276
5,967222;46,201942
5,996388;46,146942
6,123610;46,148048
6,133611;46,149437
6,152222;46,153610
6,185833;46,170830
6,189166;46,173332
6,245555;46,218330
6,271944;46,261940
6,243747;46,315510
6,228055;46,319717
6,225555;46,322495
6,230000;46,333885
6,236388;46,344719
6,243333;46,354996
6,246388;46,357773
6,295555;46,394165
6,311110;46,401382
6,328333;46,406944
6,491944;46,453049
6,510278;46,457771
6,520000;46,459160
6,633611;46,464165
6,702777;46,454720
6,737778;46,447495
6,791389;46,434166
6,800278;46,430550
6,803055;46,427773
6,808332;46,418610
6,809444;46,415276
6,807016;46,404228
6,799999;46,378326
6,780833;46,166107
6,781111;46,162498
6,783889;46,148048
6,788055;46,142220
6,873888;46,088051
6,933055;46,055275
7,005833;45,999443
7,008611;45,996666
7,030555;45,961937
7,038054;45,931938
6,996666;45,885551
6,987499;45,876938
6,980833;45,872215
6,973055;45,868889
6,943889;45,858330
6,922222;45,852219
6,908055;45,849442
6,896111;45,850273
6,874999;45,856110
6,869721;45,855827
6,818610;45,839165
6,808888;45,831383
6,807221;45,827217
6,799722;45,796661
6,798970;45,780670
6,807777;45,734444
6,809722;45,727776
6,814166;45,721939
6,969444;45,596939
6,989721;45,533333
6,999444;45,518326
7,002777;45,516106
7,089159;45,476860
7,146944;45,430550
7,158610;45,377495
7,129167;45,262215
7,127777;45,257774
7,124999;45,254997
7,064722;45,223053
6,939444;45,179443
6,826944;45,149719
6,816388;45,156387
6,771944;45,168053
6,760833;45,168327
6,697499;45,150276
6,688889;45,147774
6,675833;45,143883
6,637777;45,126106
6,634121;45,124001
6,627222;45,119438
6,621666;45,113884
6,619760;45,110138
6,661666;45,039993
6,746944;44,919441
6,751111;44,917221
6,775277;44,905548
6,840833;44,874161
6,857778;44,866661
6,892221;44,860275
6,904444;44,859161
6,917777;44,861938
6,936388;44,871384
6,948333;44,869995
6,964444;44,865829
6,973888;44,862778
7,002777;44,852776
7,009999;44,848610
7,031666;44,831383
7,028333;44,744720
6,980277;44,691666
6,970555;44,684715
6,950833;44,664719
6,852777;44,540833
6,853611;44,517776
6,876944;44,376663
6,878888;44,373604
6,976388;44,284164
7,031388;44,246941
7,348332;44,131943
7,353333;44,131104
7,418888;44,125549
7,423055;44,126663
7,466389;44,138611
7,520277;44,156105
7,614721;44,180275
7,662222;44,170830
7,657777;44,144722
7,658333;44,137215
7,661666;44,131104
7,668888;44,122772
7,709045;44,091309
7,708333;44,079437
7,704166;44,072220
7,660000;44,008331
7,657222;44,005272
7,598332;43,964722
7,501111;43,886940
7,495000;43,881660
7,493333;43,877777
7,492222;43,869438
7,493333;43,862221
7,498610;43,849442
7,512500;43,821106
7,528055;43,788605
7,519722;43,790833
7,507777;43,792221
7,484166;43,782776
7,439293;43,757523
7,438333;43,760277
7,432500;43,769165
7,429444;43,771385
7,424722;43,773048
7,419999;43,772499
7,416111;43,770554
7,403055;43,761383
7,387777;43,748604
7,386389;43,745552
7,386389;43,741943
7,391609;43,727547
7,318610;43,709717
7,254722;43,704437
7,238889;43,698883
7,158610;43,663055
7,152778;43,658051
7,074721;43,572220
6,892221;43,435829
6,884166;43,433327
6,846389;43,424164
6,794167;43,422775
6,636389;43,311104
6,637500;43,287773
6,684444;43,287216
6,689444;43,285553
6,696944;43,281387
6,700277;43,275551
6,699721;43,271385
6,697778;43,268051
6,641666;43,184998
6,599444;43,192497
6,527499;43,189163
6,406111;43,163055
6,186944;43,128609
6,178888;43,125549
6,172222;43,121384
6,166666;43,115555
6,164721;43,112221
6,161944;43,103607
6,157222;43,067215
6,165277;43,050552
6,137777;43,055832
6,115555;43,064438
6,062222;43,101387
5,955555;43,118332
5,936666;43,090828
5,937222;43,087219
5,929722;43,083611
5,871388;43,059715
5,862222;43,057495
5,838611;43,059998
5,829166;43,063049
5,781111;43,082497
5,776111;43,088051
5,775833;43,091942
5,777499;43,100555
5,783610;43,104996
5,791389;43,108330
5,817499;43,114998
5,815555;43,120277
5,689225;43,188507
5,681340;43,190102
5,671666;43,191666
5,520000;43,209999
5,415833;43,216660
5,398055;43,217773
5,380278;43,219162
5,363610;43,221939
5,356667;43,226387
5,351110;43,231110
5,351110;43,235275
5,355556;43,247772
5,360833;43,253609
5,367222;43,258331
5,372222;43,264717
5,373888;43,268883
5,373888;43,276665
5,363889;43,328331
5,361666;43,335274
5,348611;43,351944
5,335555;43,361382
5,322222;43,366661
5,316111;43,367493
5,306389;43,365555
5,272222;43,356384
5,258333;43,348328
5,250000;43,345276
5,223055;43,339439
5,213055;43,338608
5,096389;43,336937
5,057777;43,341385
5,038888;43,347496
5,030833;43,351387
5,042277;43,377663
5,040444;43,381496
5,040778;43,388660
5,041944;43,391167
5,045610;43,393997
5,063944;43,401833
5,074778;43,404495
5,077777;43,404663
5,092277;43,402828
5,142221;43,416107
5,151388;43,417221
5,188611;43,433884
5,230556;43,464165
5,232499;43,467499
5,230833;43,490273
5,227221;43,496109
5,031388;43,556664
5,023055;43,553886
5,021111;43,549995
5,010833;43,516663
5,009722;43,512215
5,016666;43,488884
5,022778;43,484161
5,028055;43,482498
5,045278;43,480827
5,052500;43,476944
5,057500;43,471382
5,039555;43,458607
5,040722;43,454273
5,041222;43,447437
5,040555;43,439941
5,039721;43,437607
5,035722;43,434772
5,017388;43,428272
4,994722;43,425274
4,991555;43,425774
4,988555;43,428940
4,957777;43,424995
4,935555;43,432777
4,924999;43,435272
4,919167;43,435555
4,876111;43,423882
4,853611;43,413330
4,830055;43,411385
4,828388;43,406551
4,833388;43,404221
4,839889;43,403217
4,842555;43,399887
4,844889;43,391384
4,839388;43,390217
4,822722;43,395885
4,815055;43,399216
4,793388;43,409554
4,783889;43,414219
4,750000;43,423607
4,743889;43,428604
4,740833;43,435272
4,740833;43,438606
4,741944;43,451385
4,750000;43,486938
4,750833;43,495277
4,751111;43,507217
4,749166;43,518051
4,746666;43,524994
4,739444;43,537216
4,716666;43,565277
4,711666;43,570274
4,705000;43,574997
4,696666;43,577774
4,727221;43,441666
4,732778;43,428329
4,736111;43,422218
4,741666;43,417496
4,731888;43,400444
4,741555;43,395775
4,747221;43,393944
4,764722;43,386105
4,768722;43,383442
4,771055;43,380108
4,772555;43,375938
4,772722;43,373608
4,771888;43,371437
4,767388;43,368938
4,750888;43,369110
4,652778;43,359718
4,619166;43,361107
4,606944;43,361938
4,601388;43,363052
4,583888;43,369995
4,573333;43,379997
4,572499;43,387772
4,574444;43,391106
4,591389;43,407494
4,598055;43,417496
4,601666;43,424995
4,601110;43,428604
4,597221;43,434166
4,591110;43,439163
4,583888;43,443329
4,565555;43,449997
4,535555;43,458328
4,506110;43,462776
4,473888;43,461937
4,453333;43,460548
4,439166;43,458885
4,421944;43,453888
4,325833;43,457222
4,321111;43,458328
4,318055;43,461105
4,316111;43,464722
4,317499;43,471664
4,321111;43,492493
4,319166;43,499718
4,317778;43,503883
4,309444;43,512215
4,286111;43,505554
4,251389;43,493889
4,247222;43,491943
4,241433;43,485954
4,291944;43,459160
4,287777;43,456940
4,205000;43,460274
4,190555;43,461937
4,162222;43,471107
4,131110;43,491661
4,124722;43,498329
4,124444;43,505272
4,126666;43,508331
4,136389;43,508049
4,138333;43,511383
4,138888;43,518883
4,138055;43,526108
4,133055;43,536659
4,127777;43,543053
4,117222;43,551384
4,108055;43,554993
4,096389;43,558052
4,062222;43,563332
4,050278;43,562218
3,964722;43,540833
3,918611;43,523888
3,907777;43,518608
3,843611;43,475555
3,722500;43,411659
3,546667;43,319717
3,430555;43,286942
3,415277;43,288605
3,405278;43,286659
3,335000;43,265274
3,313056;43,255272
3,258055;43,227493
3,141111;43,138885
3,081388;43,069443
3,077777;43,041382
3,045278;42,954163
3,003611;42,881104
2,963889;42,848328
2,961389;42,844994
2,960000;42,837776
2,972777;42,812218
2,979167;42,806664
3,012222;42,798050
3,038055;42,728333
3,040833;42,616943
3,041944;42,608330
3,049444;42,553886
3,053889;42,546661
3,060277;42,539719
3,068889;42,536385
3,091389;42,528885
3,110278;42,526939
3,119722;42,524719
3,139722;42,519165
3,143055;42,516388
3,160000;42,478333
3,174444;42,445549
3,177655;42,436806
3,171111;42,435555
3,158333;42,433327
3,106111;42,429161
3,092222;42,429993
3,075833;42,439438
3,049444;42,459717
3,047778;42,469719
3,045278;42,474716
2,950000;42,480553
2,724722;42,419441
2,678333;42,401665
2,657222;42,384438
2,656944;42,379440
2,674444;42,357216
2,666389;42,341942
2,541944;42,332497
2,525833;42,333328
2,484722;42,343048
2,469722;42,353333
2,442778;42,376389
2,438889;42,380554
2,332222;42,418053
2,280534;42,434288
2,269166;42,437218
2,262500;42,436661
2,151389;42,421387
2,137777;42,417221
2,129167;42,408051
2,124166;42,398331
2,123055;42,393326
2,116944;42,383331
2,093611;42,364166
2,062222;42,356941
2,023889;42,352219
2,017222;42,353050
2,004722;42,357216
1,987778;42,367775
1,976666;42,374718
1,968889;42,384163
1,959167;42,410828
1,906389;42,446938
1,851389;42,469994
1,780000;42,488327
1,723611;42,509438
1,723333;42,515274
1,724444;42,524994
1,725278;42,529999
1,735278;42,554443
1,743055;42,563606
1,753889;42,570000
1,768055;42,571106
1,774722;42,571106
1,781720;42,569962
1,738611;42,616386
1,698333;42,626106
1,563056;42,655548
1,556389;42,656387
1,491944;42,653610
1,481111;42,647217
1,445833;42,601944
1,417222;42,650833
1,390278;42,688332
1,359167;42,715271
1,328333;42,719994
1,321666;42,714996
1,173889;42,709717
1,150833;42,723610
1,144722;42,727776
1,140833;42,731941
1,137778;42,736938
1,140833;42,741661
1,140000;42,753052
1,132222;42,760826
1,121111;42,768608
1,091666;42,784439
1,085000;42,785271
0,896944;42,813049
0,823611;42,833054
0,720000;42,859161
0,712222;42,858604
0,692778;42,853607
0,667778;42,839165
0,651944;42,784996
0,655555;42,754166
0,668056;42,748055
0,681389;42,729439
0,683889;42,713051
0,683056;42,708054
0,680000;42,693329
0,675506;42,688484
0,661667;42,691940
0,595556;42,695000
0,560000;42,695831
0,509167;42,691940
0,501667;42,691383
0,432778;42,686661
0,272500;42,702499
0,269722;42,707771
0,261944;42,717499
0,186389;42,734718
0,178611;42,735275
0,172222;42,733330
0,144167;42,722221
0,111944;42,709442
0,008333;42,686935
0,000000;42,685440
-0,005556;42,684998
-0,050556;42,691940
-0,057222;42,694160
-0,061944;42,697777
-0,061944;42,703331
-0,060833;42,709160
-0,063056;42,715828
-0,123611;42,757500
-0,151944;42,776657
-0,180000;42,784439
-0,205556;42,794167
-0,262500;42,817497
-0,300833;42,839439
-0,305556;42,844162
-0,308739;42,848381
-0,315000;42,835831
-0,317778;42,831108
-0,323611;42,826660
-0,391944;42,796387
-0,549445;42,778610
-0,562222;42,781387
-0,712778;42,882500
-0,718889;42,886665
-0,723889;42,891388
-0,731945;42,899162
-0,733889;42,904442
-0,732778;42,909164
-0,723323;42,918945
-0,722778;42,922493
-0,724167;42,937218
-0,742778;42,961105
-0,746667;42,965553
-0,760000;42,966110
-0,766945;42,964722
-0,786945;42,956940
-0,790556;42,952499
-0,818611;42,946106
-0,934167;42,952499
-0,946389;42,955826
-0,993611;42,976105
-1,072778;43,006386
-1,200556;43,045830
-1,300278;43,071663
-1,343056;43,039162
-1,346667;43,034721
-1,360278;43,031662
-1,398056;43,038055
-1,427778;43,043610
-1,434445;43,045555
-1,445833;43,051666
-1,450000;43,056664
-1,470556;43,085831
-1,472500;43,091110
-1,468889;43,095833
-1,458611;43,103050
-1,451667;43,103050
-1,429445;43,116386
-1,422222;43,123604
-1,411389;43,136665
-1,385000;43,201660
-1,382778;43,217773
-1,382500;43,247215
-1,384167;43,253052
-1,391389;43,262772
-1,408889;43,273048
-1,503611;43,287773
-1,655556;43,309441
-1,692778;43,307777
-1,711389;43,304161
-1,730377;43,298981
-1,776945;43,342499
-1,780877;43,359924
-1,730000;43,378883
-1,666945;43,385277
-1,595000;43,433884
-1,585278;43,441383
-1,531945;43,509995
-1,528056;43,514999
-1,486667;43,570549
-1,443889;43,640549
-1,442500;43,665550
-1,440278;43,691383
-1,424722;43,784721
-1,346945;44,053604
-1,341944;44,070000
-1,333889;44,085548
-1,329167;44,089722
-1,326389;44,094444
-1,305000;44,195549
-1,264167;44,393326
-1,258611;44,452217
-1,248945;44,499107
-1,249611;44,511772
-1,250111;44,515106
-1,233778;44,558109
-1,208611;44,625832
-1,156389;44,658333
-1,146389;44,655830
-1,126111;44,651108
-1,094167;44,653328
-1,085834;44,654160
-1,054167;44,659996
-1,046389;44,663330
-1,040556;44,668610
-1,036111;44,675278
-1,036945;44,683052
-1,057222;44,708054
-1,062500;44,713608
-1,121111;44,754997
-1,134444;44,763611
-1,158334;44,773888
-1,168889;44,776108
-1,176667;44,772774
-1,225556;44,713051
-1,234167;44,699715
-1,240000;44,689720
-1,245000;44,678329
-1,248056;44,670830
-1,250278;44,662498
-1,247500;44,757774
-1,207222;45,013329
-1,168334;45,208611
-1,151945;45,371384
-1,152222;45,392220
-1,148611;45,427498
-1,141111;45,489716
-1,138889;45,498055
-1,095000;45,552773
-1,083889;45,564438
-1,076667;45,568604
-1,068056;45,570831
-1,058056;45,571388
-1,053611;45,565826
-1,051944;45,558327
-1,052222;45,554161
-1,053334;45,550278
-1,059167;45,539444
-1,061111;45,530830
-1,061389;45,527222
-1,057778;45,520828
-1,045000;45,511665
-0,998889;45,479439
-0,991945;45,474998
-0,983889;45,471107
-0,970556;45,466385
-0,947222;45,463051
-0,936944;45,460548
-0,922222;45,452499
-0,915556;45,447777
-0,808056;45,367218
-0,802222;45,362495
-0,797500;45,356941
-0,771111;45,321938
-0,759167;45,304443
-0,736111;45,235497
-0,734444;45,231331
-0,733111;45,224663
-0,733611;45,209496
-0,730611;45,191330
-0,714722;45,130554
-0,706389;45,111382
-0,699445;45,098610
-0,545833;44,896385
-0,540556;44,890831
-0,536667;44,895554
-0,536667;44,899719
-0,539167;44,983604
-0,541667;44,990273
-0,554167;45,023331
-0,605000;45,051941
-0,619722;45,060272
-0,632222;45,069717
-0,643889;45,079994
-0,648056;45,085831
-0,655278;45,098328
-0,668333;45,124161
-0,673056;45,138054
-0,706039;45,322052
-0,717778;45,357216
-0,745833;45,419998
-0,749722;45,426384
-0,776667;45,461105
-0,786389;45,471939
-0,803611;45,487221
-0,862500;45,528885
-1,000278;45,614441
-1,081667;45,655548
-1,089722;45,659439
-1,165833;45,687492
-1,223333;45,700554
-1,232778;45,698608
-1,240834;45,701660
-1,242810;45,707825
-1,242778;45,710274
-1,234445;45,775833
-1,230556;45,788055
-1,225556;45,793884
-1,188909;45,799889
-1,145939;45,802944
-1,148056;45,867775
-1,077500;45,896660
-1,070833;45,901382
-1,067778;45,908882
-1,053334;46,012215
-1,050556;46,034439
-1,051944;46,037773
-1,053611;46,041107
-1,120000;46,125832
-1,148611;46,153328
-1,105834;46,258606
-1,114635;46,316582
-1,162222;46,326942
-1,168056;46,326942
-1,172778;46,325829
-1,200000;46,318329
-1,204167;46,316666
-1,207778;46,314720
-1,213333;46,309166
-1,215278;46,305550
-1,220278;46,289719
-1,265833;46,304993
-1,469722;46,392776
-1,654297;46,445358
-1,786389;46,488327
-1,821944;46,566109
-1,827500;46,583885
-1,860556;46,637772
-1,913889;46,688606
-1,919722;46,693604
-2,007223;46,761665
-2,033334;46,776382
-2,058889;46,786942
-2,082778;46,798607
-2,101389;46,809166
-2,108056;46,813606
-2,120000;46,823608
-2,130834;46,838333
-2,133334;46,849716
-2,133889;46,891388
-2,130000;46,898331
-2,124444;46,904160
-2,087778;46,941666
-2,034722;46,981667
-1,984320;47,031624
-1,984167;47,034439
-1,987500;47,040833
-2,000278;47,059166
-2,008334;47,067215
-2,024167;47,079163
-2,051667;47,097221
-2,058889;47,100555
-2,072500;47,105270
-2,110000;47,117218
-2,115278;47,118332
-2,170834;47,126663
-2,165167;47,221107
-2,160167;47,239944
-2,157167;47,243275
-2,154667;47,244274
-2,134167;47,278053
-2,043612;47,287216
-1,998889;47,282219
-1,938334;47,274162
-1,918889;47,269440
-1,919167;47,266663
-1,903333;47,254440
-1,891667;47,248604
-1,802500;47,211937
-1,773056;47,208054
-1,746389;47,206940
-1,735000;47,207771
-1,730000;47,209160
-1,728611;47,210831
-1,883889;47,286659
-1,896945;47,290833
-1,921389;47,297775
-2,003334;47,319160
-2,022223;47,320549
-2,034167;47,320274
-2,129445;47,309715
-2,187556;47,284607
-2,194722;47,275440
-2,273334;47,241661
-2,289167;47,238884
-2,433611;47,262497
-2,480278;47,277222
-2,535556;47,294998
-2,540278;47,296661
-2,541389;47,300278
-2,527500;47,386108
-2,479722;47,413055
-2,466667;47,417496
-2,447500;47,408333
-2,440556;47,403885
-2,406389;47,407494
-2,410556;47,423050
-2,459597;47,452988
-2,471111;47,446938
-2,476667;47,446388
-2,481112;47,447777
-2,484723;47,450272
-2,486945;47,453049
-2,491667;47,493050
-2,486667;47,498604
-2,481112;47,499443
-2,474445;47,499161
-2,422778;47,499443
-2,374722;47,500000
-2,368611;47,500275
-2,363889;47,501663
-2,361111;47,504166
-2,388334;47,510277
-2,509445;47,529160
-2,580833;47,537773
-2,663611;47,512772
-2,793056;47,488884
-2,818334;47,493607
-2,833611;47,497215
-2,837778;47,499161
-2,869945;47,540276
-2,870278;47,542774
-2,868445;47,547104
-2,865945;47,548107
-2,864111;47,548607
-2,845611;47,548107
-2,810778;47,544941
-2,775278;47,547218
-2,755000;47,543884
-2,736945;47,543884
-2,732778;47,545555
-2,687222;47,594162
-2,685000;47,597221
-2,680556;47,613052
-2,681111;47,617218
-2,694723;47,634995
-2,698056;47,637215
-2,704167;47,638054
-2,888834;47,599720
-2,925333;47,581051
-3,091667;47,584717
-3,095278;47,587219
-3,119722;47,598328
-3,125000;47,599442
-3,127223;47,596382
-3,128334;47,587494
-3,128889;47,529160
-3,126667;47,521660
-3,120278;47,500549
-3,096111;47,484993
-3,086112;47,473610
-3,106389;47,472221
-3,131389;47,475273
-3,133889;47,478050
-3,150278;47,524994
-3,148612;47,528610
-3,140833;47,532776
-3,136389;47,538887
-3,135000;47,542496
-3,131945;47,559441
-3,131389;47,568604
-3,132223;47,576660
-3,134445;47,584160
-3,140000;47,593887
-3,150278;47,609718
-3,157222;47,613884
-3,190556;47,628609
-3,216945;47,650551
-3,508889;47,758606
-3,633266;47,777458
-3,792778;47,793884
-3,833889;47,800552
-3,848056;47,805832
-3,875278;47,824165
-3,888334;47,833611
-3,891111;47,836388
-3,904445;47,852776
-3,982223;47,889717
-4,101389;47,874992
-4,151112;47,854439
-4,155834;47,836105
-4,155278;47,831940
-4,159722;47,825554
-4,167500;47,817215
-4,182778;47,804161
-4,209445;47,799438
-4,215000;47,798607
-4,255834;47,794716
-4,269444;47,794998
-4,361945;47,802773
-4,366389;47,804161
-4,369167;47,806938
-4,371945;47,821106
-4,372500;47,825272
-4,370556;47,828606
-4,366945;47,830826
-4,348333;47,835548
-4,345834;47,838051
-4,344167;47,841942
-4,343334;47,849442
-4,343889;47,853607
-4,350000;47,871941
-4,363890;47,898888
-4,392222;47,934441
-4,419445;47,960831
-4,436111;47,972496
-4,450834;47,980827
-4,484861;48,000000
-4,495831;48,005836
-4,524721;48,021111
-4,529443;48,022499
-4,541943;48,017220
-4,591111;48,016937
-4,689167;48,029999
-4,694445;48,031387
-4,718334;48,037773
-4,726142;48,040581
-4,710556;48,065552
-4,708056;48,068329
-4,702500;48,069160
-4,360001;48,113327
-4,347778;48,112495
-4,331944;48,104439
-4,306111;48,098610
-4,300000;48,098053
-4,294723;48,098885
-4,291667;48,101387
-4,283611;48,114716
-4,282223;48,118332
-4,276112;48,139160
-4,275278;48,143326
-4,275556;48,151939
-4,278056;48,159164
-4,302222;48,193054
-4,310278;48,201385
-4,320278;48,208328
-4,441389;48,238327
-4,461945;48,242493
-4,474723;48,242218
-4,484723;48,239441
-4,493056;48,236107
-4,495001;48,232773
-4,493890;48,229164
-4,493890;48,225555
-4,511111;48,199997
-4,537223;48,176109
-4,540833;48,173882
-4,552501;48,172775
-4,555834;48,174995
-4,620278;48,267220
-4,623889;48,281944
-4,621389;48,284721
-4,573611;48,328049
-4,559445;48,336105
-4,551111;48,339439
-4,535833;48,343048
-4,531112;48,341660
-4,531389;48,338051
-4,541945;48,318329
-4,551390;48,306107
-4,550834;48,303055
-4,545279;48,298332
-4,535278;48,291382
-4,530556;48,289993
-4,408334;48,283607
-4,263334;48,284721
-4,205278;48,294716
-4,186111;48,299995
-4,188612;48,301384
-4,300000;48,320549
-4,402223;48,328331
-4,438612;48,333054
-4,442130;48,341755
-4,440556;48,354996
-4,605278;48,344719
-4,711390;48,334717
-4,752778;48,333328
-4,758889;48,333885
-4,763612;48,335274
-4,767222;48,337494
-4,775001;48,350555
-4,784167;48,366943
-4,784722;48,370277
-4,790278;48,421387
-4,790278;48,426109
-4,777779;48,509438
-4,775556;48,512772
-4,758056;48,533051
-4,743890;48,545830
-4,728889;48,558884
-4,701945;48,570000
-4,697500;48,571663
-4,631945;48,579720
-4,625556;48,579994
-4,604167;48,571938
-4,600278;48,570000
-4,596945;48,567772
-4,589723;48,559998
-4,586945;48,573883
-4,565556;48,620827
-4,563612;48,623886
-4,541667;48,635277
-4,536945;48,636383
-4,354167;48,674164
-4,171945;48,687492
-3,993611;48,722771
-3,968056;48,725555
-3,971945;48,714165
-3,973611;48,705826
-3,972500;48,702217
-3,964167;48,685272
-3,949445;48,656105
-3,857500;48,636108
-3,851111;48,655548
-3,861111;48,680550
-3,860278;48,683609
-3,833333;48,713882
-3,830556;48,716660
-3,810556;48,726105
-3,728056;48,712776
-3,717778;48,710274
-3,678334;48,694717
-3,638611;48,681938
-3,596111;48,675827
-3,583056;48,675827
-3,575278;48,679718
-3,531945;48,739166
-3,562778;48,764717
-3,567500;48,766106
-3,577778;48,764999
-3,580556;48,766937
-3,581667;48,774994
-3,580556;48,783607
-3,577500;48,791107
-3,575278;48,794167
-3,536667;48,825829
-3,512500;48,837219
-3,474722;48,840828
-3,380000;48,821938
-3,366389;48,826660
-3,231389;48,868607
-3,220834;48,870552
-3,124444;48,864998
-3,060833;48,826385
-2,879167;48,678886
-2,811944;48,614166
-2,720556;48,533051
-2,695556;48,513054
-2,685278;48,501663
-2,474445;48,622498
-2,464723;48,629997
-2,462778;48,633049
-2,461667;48,637215
-2,418334;48,653610
-2,307222;48,676109
-2,284445;48,672218
-2,128334;48,638611
-2,039278;48,599552
-2,039611;48,596886
-1,982222;48,514160
-1,977222;48,512497
-1,972500;48,512772
-1,949445;48,524719
-1,946470;48,526543
-1,943611;48,529999
-1,941945;48,533607
-1,952778;48,576660
-1,955278;48,579437
-1,963611;48,587494
-1,969445;48,592773
-1,978889;48,595833
-1,984445;48,596107
-1,994445;48,593605
-2,006667;48,602776
-2,008778;48,630775
-2,014112;48,642273
-2,016778;48,648445
-2,017112;48,650944
-1,988056;48,686943
-1,932500;48,697220
-1,848889;48,709160
-1,846111;48,709160
-1,838889;48,689163
-1,838611;48,684998
-1,840833;48,681938
-1,844445;48,679718
-1,861111;48,672775
-1,867222;48,657776
-1,870000;48,649994
-1,854167;48,628883
-1,846667;48,620552
-1,840278;48,615555
-1,825556;48,611382
-1,812222;48,610550
-1,787222;48,610550
-1,722778;48,611107
-1,649167;48,615273
-1,633056;48,617775
-1,619445;48,622215
-1,610833;48,626106
-1,588626;48,639679
-1,521111;48,636383
-1,465000;48,637215
-1,368889;48,643608
-1,449722;48,675552
-1,489722;48,685829
-1,498889;48,689163
-1,560556;48,744720
-1,562500;48,747772
-1,563611;48,751663
-1,578611;48,837776
-1,575556;48,862778
-1,564167;48,914444
-1,556389;49,015831
-1,576667;49,008331
-1,580833;49,006660
-1,585000;49,008888
-1,589445;49,014999
-1,597500;49,040276
-1,610000;49,089439
-1,609722;49,214996
-1,681111;49,294441
-1,705833;49,318329
-1,740834;49,351662
-1,750000;49,359444
-1,777500;49,373604
-1,790000;49,374992
-1,802778;49,374443
-1,809167;49,375275
-1,812222;49,377777
-1,845556;49,499718
-1,846667;49,568329
-1,840000;49,578331
-1,838056;49,586388
-1,838333;49,598328
-1,841944;49,613609
-1,848611;49,635826
-1,855278;49,649437
-1,857778;49,652222
-1,864444;49,656944
-1,883889;49,663055
-1,900278;49,666382
-1,913056;49,667770
-1,941667;49,673332
-1,945556;49,675552
-1,946111;49,679443
-1,944445;49,716110
-1,944167;49,720551
-1,941667;49,723885
-1,938056;49,725830
-1,932778;49,727219
-1,926389;49,727493
-1,914444;49,725555
-1,844722;49,713882
-1,715278;49,680275
-1,673611;49,664719
-1,670833;49,661659
-1,666945;49,659721
-1,649445;49,657776
-1,620556;49,655273
-1,537222;49,656662
-1,518813;49,658356
-1,501111;49,664444
-1,482778;49,675552
-1,479722;49,678329
-1,472778;49,687492
-1,466667;49,697777
-1,410833;49,704994
-1,380000;49,706940
-1,373056;49,706665
-1,322778;49,700829
-1,288611;49,694443
-1,264167;49,684166
-1,238611;49,655830
-1,230556;49,630272
-1,227222;49,619164
-1,227778;49,614441
-1,230278;49,611382
-1,259167;49,598328
-1,292222;49,583885
-1,296111;49,581665
-1,301389;49,575829
-1,304445;49,568329
-1,305000;49,563606
-1,303056;49,547493
-1,298333;49,537216
-1,291945;49,527771
-1,287222;49,522217
-1,264167;49,496384
-1,256667;49,488052
-1,251389;49,482216
-1,238056;49,468330
-1,165278;49,406662
-1,113889;49,365273
-1,105278;49,373604
-1,091667;49,383049
-1,084722;49,387772
-1,072778;49,393608
-1,067778;49,394722
-0,976944;49,396660
-0,927778;49,394722
-0,921389;49,393883
-0,909167;49,383606
-0,901945;49,379166
-0,887778;49,374443
-0,868056;49,368607
-0,851389;49,364998
-0,827222;49,361664
-0,725556;49,351662
-0,621945;49,344994
-0,580556;49,345276
-0,503056;49,346107
-0,424167;49,341942
-0,410833;49,340828
-0,382222;49,331108
-0,369722;49,325554
-0,360000;49,322220
-0,301111;49,304161
-0,287500;49,299995
-0,228333;49,283607
-0,104167;49,299164
-0,093333;49,301109
-0,073333;49,305550
-0,039444;49,314720
0,000000;49,328773
0,062222;49,351944
0,079167;49,358887
0,085556;49,364166
0,098611;49,378883
0,113611;49,391388
0,131944;49,402496
0,149167;49,409439
0,169444;49,414162
0,235278;49,427216
0,270278;49,430275
0,295241;49,431458
0,368611;49,439438
0,384722;49,442215
0,424722;49,451660
0,451389;49,461105
0,463333;49,466942
0,474167;49,473610
0,494444;49,488052
0,491667;49,488052
0,483333;49,484444
0,441389;49,471664
0,388056;49,457771
0,371667;49,455551
0,353611;49,454163
0,322500;49,453049
0,309167;49,453331
0,256111;49,457222
0,160833;49,468887
0,119167;49,484718
0,107222;49,490829
0,078056;49,511665
0,073889;49,517776
0,074167;49,526665
0,077222;49,534164
0,169722;49,688889
0,184444;49,702774
0,187500;49,705276
0,208889;49,718048
0,213333;49,719719
0,266944;49,733604
0,311111;49,744995
0,426944;49,788605
0,563333;49,844719
0,585833;49,852776
0,640278;49,866104
0,683333;49,873604
0,694722;49,874992
0,713333;49,875549
1,068611;49,926109
1,073611;49,927216
1,201944;49,969719
1,220000;49,976105
1,232500;49,981667
1,372430;50,065781
1,393889;50,074715
1,409444;50,083054
1,435555;50,098328
1,441944;50,103333
1,461111;50,124161
1,505555;50,201942
1,534167;50,288605
1,534722;50,292221
1,549444;50,352493
1,552778;50,359993
1,555278;50,363052
1,560000;50,364716
1,585278;50,370277
1,598333;50,370552
1,603851;50,368790
1,562778;50,396111
1,560278;50,399162
1,558055;50,406105
1,577222;50,528053
1,564167;50,684715
1,564444;50,705826
1,598611;50,809166
1,625000;50,877777
1,733333;50,942497
1,745833;50,948051
1,768889;50,955826
1,792778;50,962776
1,943333;50,995277
2,235278;51,038055
2,359444;51,054443
2,384722;51,051941
2,407222;51,054993
2,423055;51,058052
2,492222;51,076111
2,516666;51,082771
2,541667;51,091110
